{
    "id": "6ed2f056-f044-da06-28aa-6025b812dab8",
    "name": "CNC Server API",
    "timestamp": 1365738583038,
    "order": [
        "cfd1b0a7-6b78-5120-fe2e-fcfba5c3b09a",
        "72b33574-693f-cf8d-0aef-d14b4ba06162",
        "e85829d1-c897-636a-687f-41c659f12ee8",
        "89941fd0-9ccd-1b1a-3b81-13112ae7c917",
        "d7d4c368-2f3b-c666-ff86-3d91b4aca87d",
        "77c30fc7-8884-e099-f535-d354429b3ad5",
        "cb9638bb-94a1-9fd9-c910-8eb97a8f95e9",
        "12044a31-0d86-f367-26d2-96d7a0d918d6",
        "7065aa8b-188f-cd83-44f6-48da0db125da",
        "5c97876c-a835-a9c8-a58d-d2524e7ada6f",
        "8bd9b3dd-fb3a-bf4d-0e79-5835ad987b86",
        "018053b5-0a68-4027-0c8a-182f7206e0bb",
        "1efab236-e56a-1268-ca00-2e8938a2054a",
        "199a3586-8ac1-bae8-0c50-2671fd17a34a",
        "7c10785d-134d-1a4a-6f94-c1308915a3b2",
        "b131cd64-cac4-08ee-7908-599de452765f",
        "899a0cc6-8e2c-1952-482e-8947610fb873",
        "746528c7-47f2-c0ff-09ff-17d6f9ceec03",
        "b8dbd92e-91d4-9a88-3bc0-38b60dcb730a",
        "e241fb57-9c0c-baa0-4222-b0eb487bc4ef",
        "b6825285-5a48-444a-7f36-408013f86af4",
        "4ce5e190-7d00-9be4-703e-e4f5d3201ef6",
        "d72fb956-4f95-ae22-7f12-545f746d6fd3"
    ],
    "requests": [
        {
            "collectionId": "6ed2f056-f044-da06-28aa-6025b812dab8",
            "id": "018053b5-0a68-4027-0c8a-182f7206e0bb",
            "name": "Tools: Enumerate",
            "description": "",
            "url": "http://{{cncserver-host}}:{{cncserver-port}}/v1/tools",
            "method": "GET",
            "headers": "",
            "data": [],
            "dataMode": "params",
            "timestamp": 0,
            "version": 2,
            "time": 1375823770402
        },
        {
            "collectionId": "6ed2f056-f044-da06-28aa-6025b812dab8",
            "id": "12044a31-0d86-f367-26d2-96d7a0d918d6",
            "name": "Pen: Go to 100%,100%",
            "description": "",
            "url": "http://{{cncserver-host}}:{{cncserver-port}}/v1/pen",
            "method": "PUT",
            "headers": "Content-Type: application/json; charset=UTF-8\n",
            "data": "{\n\"x\": 100,\n\"y\": 100\n}",
            "dataMode": "raw",
            "timestamp": 0,
            "version": 2,
            "time": 1375824095011
        },
        {
            "collectionId": "6ed2f056-f044-da06-28aa-6025b812dab8",
            "id": "199a3586-8ac1-bae8-0c50-2671fd17a34a",
            "name": "Motors: Reset offset",
            "description": "",
            "url": "http://{{cncserver-host}}:{{cncserver-port}}/v1/motors",
            "method": "PUT",
            "headers": "Content-Type: application/json; charset=UTF-8\n",
            "data": "{\n  \"reset\": 1\n}",
            "dataMode": "raw",
            "timestamp": 0,
            "version": 2,
            "time": 1375824541916
        },
        {
            "collectionId": "6ed2f056-f044-da06-28aa-6025b812dab8",
            "id": "1efab236-e56a-1268-ca00-2e8938a2054a",
            "name": "Motors: Unlock",
            "description": "",
            "url": "http://{{cncserver-host}}:{{cncserver-port}}/v1/motors",
            "method": "DELETE",
            "headers": "",
            "data": "",
            "dataMode": "raw",
            "timestamp": 0,
            "version": 2,
            "time": 1375824504090
        },
        {
            "collectionId": "6ed2f056-f044-da06-28aa-6025b812dab8",
            "id": "4ce5e190-7d00-9be4-703e-e4f5d3201ef6",
            "name": "Buffer: Pause operations",
            "description": "",
            "url": "http://{{cncserver-host}}:{{cncserver-port}}/v1/buffer",
            "method": "PUT",
            "headers": "Content-Type: application/json; charset=UTF-8\n",
            "data": "{\n  \"paused\": true\n}",
            "dataMode": "raw",
            "timestamp": 0,
            "responses": [],
            "version": 2
        },
        {
            "collectionId": "6ed2f056-f044-da06-28aa-6025b812dab8",
            "id": "5c97876c-a835-a9c8-a58d-d2524e7ada6f",
            "name": "Pen: Park",
            "description": "",
            "url": "http://{{cncserver-host}}:{{cncserver-port}}/v1/pen",
            "method": "DELETE",
            "headers": "",
            "data": [],
            "dataMode": "params",
            "timestamp": 0,
            "version": 2,
            "time": 1375823758505
        },
        {
            "collectionId": "6ed2f056-f044-da06-28aa-6025b812dab8",
            "id": "7065aa8b-188f-cd83-44f6-48da0db125da",
            "name": "Pen: Reset distance counter",
            "description": "",
            "url": "http://{{cncserver-host}}:{{cncserver-port}}/v1/pen",
            "method": "PUT",
            "headers": "Content-Type: application/json; charset=UTF-8\n",
            "data": "{\n  \"resetCounter\": 1\n}",
            "dataMode": "raw",
            "timestamp": 0,
            "responses": [],
            "version": 2
        },
        {
            "collectionId": "6ed2f056-f044-da06-28aa-6025b812dab8",
            "id": "72b33574-693f-cf8d-0aef-d14b4ba06162",
            "name": "Pen: Pen Down",
            "description": "",
            "url": "http://{{cncserver-host}}:{{cncserver-port}}/v1/pen",
            "method": "PUT",
            "headers": "Content-Type: application/json; charset=UTF-8\n",
            "data": "{\n  \"state\": 1\n}",
            "dataMode": "raw",
            "timestamp": 0,
            "version": 2,
            "time": 1375824107577
        },
        {
            "collectionId": "6ed2f056-f044-da06-28aa-6025b812dab8",
            "id": "746528c7-47f2-c0ff-09ff-17d6f9ceec03",
            "name": "Settings: Enable Debug Mode",
            "description": "",
            "url": "http://{{cncserver-host}}:{{cncserver-port}}/v1/settings/global",
            "method": "PUT",
            "headers": "Content-Type: application/json; charset=UTF-8\n",
            "data": "{\n  \"debug\": true\n}",
            "dataMode": "raw",
            "timestamp": 0,
            "version": 2,
            "time": 1384933117223
        },
        {
            "collectionId": "6ed2f056-f044-da06-28aa-6025b812dab8",
            "id": "77c30fc7-8884-e099-f535-d354429b3ad5",
            "name": "Pen: Go to 0,0",
            "description": "",
            "url": "http://{{cncserver-host}}:{{cncserver-port}}/v1/pen",
            "method": "PUT",
            "headers": "Content-Type: application/json; charset=UTF-8\n",
            "data": "{\n\"x\": 0,\n\"y\": 0\n}",
            "dataMode": "raw",
            "timestamp": 0,
            "version": 2,
            "time": 1375824101642
        },
        {
            "collectionId": "6ed2f056-f044-da06-28aa-6025b812dab8",
            "id": "7c10785d-134d-1a4a-6f94-c1308915a3b2",
            "name": "Settings: Get All Settings",
            "description": "",
            "url": "http://{{cncserver-host}}:{{cncserver-port}}/v1/settings",
            "method": "GET",
            "headers": "",
            "data": "",
            "dataMode": "raw",
            "timestamp": 0,
            "version": 2,
            "time": 1384932946112
        },
        {
            "collectionId": "6ed2f056-f044-da06-28aa-6025b812dab8",
            "id": "89941fd0-9ccd-1b1a-3b81-13112ae7c917",
            "name": "Pen: Up Halfway",
            "description": "",
            "url": "http://{{cncserver-host}}:{{cncserver-port}}/v1/pen",
            "method": "PUT",
            "headers": "Content-Type: application/json; charset=UTF-8\n",
            "data": "{\n  \"state\": 0.50\n}",
            "dataMode": "raw",
            "timestamp": 0,
            "version": 2,
            "time": 1380610903028
        },
        {
            "collectionId": "6ed2f056-f044-da06-28aa-6025b812dab8",
            "id": "899a0cc6-8e2c-1952-482e-8947610fb873",
            "name": "Settings: Change Servo Duration",
            "description": "",
            "url": "http://{{cncserver-host}}:{{cncserver-port}}/v1/settings/bot",
            "method": "PUT",
            "headers": "Content-Type: application/json; charset=UTF-8\n",
            "data": "{\n  \"servo:duration\": 400\n}",
            "dataMode": "raw",
            "timestamp": 0,
            "responses": [],
            "version": 2
        },
        {
            "collectionId": "6ed2f056-f044-da06-28aa-6025b812dab8",
            "id": "8bd9b3dd-fb3a-bf4d-0e79-5835ad987b86",
            "name": "Tools: Change",
            "description": "",
            "url": "http://{{cncserver-host}}:{{cncserver-port}}/v1/tools/water0dip",
            "method": "PUT",
            "headers": "",
            "data": [],
            "dataMode": "params",
            "timestamp": 0,
            "version": 2,
            "time": 1375823762939
        },
        {
            "collectionId": "6ed2f056-f044-da06-28aa-6025b812dab8",
            "id": "b131cd64-cac4-08ee-7908-599de452765f",
            "name": "Settings: Get Global Settings",
            "description": "",
            "url": "http://{{cncserver-host}}:{{cncserver-port}}/v1/settings/global",
            "method": "GET",
            "headers": "",
            "data": "",
            "dataMode": "raw",
            "timestamp": 0,
            "version": 2,
            "time": 1384932986222
        },
        {
            "collectionId": "6ed2f056-f044-da06-28aa-6025b812dab8",
            "id": "b6825285-5a48-444a-7f36-408013f86af4",
            "name": "Buffer: Clear buffer",
            "description": "",
            "url": "http://{{cncserver-host}}:{{cncserver-port}}/v1/buffer",
            "method": "DELETE",
            "headers": "",
            "data": [],
            "dataMode": "params",
            "timestamp": 0,
            "responses": [],
            "version": 2
        },
        {
            "collectionId": "6ed2f056-f044-da06-28aa-6025b812dab8",
            "id": "b8dbd92e-91d4-9a88-3bc0-38b60dcb730a",
            "name": "Settings: Add height preset",
            "description": "",
            "url": "http://{{cncserver-host}}:{{cncserver-port}}/v1/settings/bot",
            "method": "PUT",
            "headers": "Content-Type: application/json; charset=UTF-8\n",
            "data": "{\n  \"servo:presets:foo\": 42\n}",
            "dataMode": "raw",
            "timestamp": 0,
            "responses": [],
            "version": 2
        },
        {
            "collectionId": "6ed2f056-f044-da06-28aa-6025b812dab8",
            "id": "cb9638bb-94a1-9fd9-c910-8eb97a8f95e9",
            "name": "Pen: Go to center (50%, 50%)",
            "description": "",
            "url": "http://{{cncserver-host}}:{{cncserver-port}}/v1/pen",
            "method": "PUT",
            "headers": "Content-Type: application/json; charset=UTF-8\n",
            "data": "{\n\n\"x\": 50,\n\"y\": 50\n}",
            "dataMode": "raw",
            "timestamp": 0,
            "version": 2,
            "time": 1375824098563
        },
        {
            "collectionId": "6ed2f056-f044-da06-28aa-6025b812dab8",
            "id": "cfd1b0a7-6b78-5120-fe2e-fcfba5c3b09a",
            "name": "Pen: Get Data",
            "description": "",
            "url": "http://{{cncserver-host}}:{{cncserver-port}}/v1/pen",
            "method": "GET",
            "headers": "",
            "data": "{\n  \"state\": 0\n}",
            "dataMode": "raw",
            "timestamp": 0,
            "version": 2,
            "time": 1375823851308
        },
        {
            "collectionId": "6ed2f056-f044-da06-28aa-6025b812dab8",
            "id": "d72fb956-4f95-ae22-7f12-545f746d6fd3",
            "name": "Buffer: Resume operations",
            "description": "",
            "url": "http://{{cncserver-host}}:{{cncserver-port}}/v1/buffer",
            "method": "PUT",
            "headers": "Content-Type: application/json; charset=UTF-8\n",
            "data": "{\n  \"paused\": false\n}",
            "dataMode": "raw",
            "timestamp": 0,
            "responses": [],
            "version": 2
        },
        {
            "collectionId": "6ed2f056-f044-da06-28aa-6025b812dab8",
            "id": "d7d4c368-2f3b-c666-ff86-3d91b4aca87d",
            "name": "Pen: Down to Wash",
            "description": "",
            "url": "http://{{cncserver-host}}:{{cncserver-port}}/v1/pen",
            "method": "PUT",
            "headers": "Content-Type: application/json; charset=UTF-8\n",
            "data": "{\n  \"state\": \"wash\"\n}",
            "dataMode": "raw",
            "timestamp": 0,
            "version": 2,
            "time": 1380610973747
        },
        {
            "collectionId": "6ed2f056-f044-da06-28aa-6025b812dab8",
            "id": "e241fb57-9c0c-baa0-4222-b0eb487bc4ef",
            "name": "Buffer: Get status",
            "description": "",
            "url": "http://{{cncserver-host}}:{{cncserver-port}}/v1/buffer",
            "method": "GET",
            "headers": "",
            "data": [
                {
                    "key": "name",
                    "value": "api-tauntonstore",
                    "type": "text"
                },
                {
                    "key": "cleartext",
                    "value": "T@unton1",
                    "type": "text"
                }
            ],
            "dataMode": "urlencoded",
            "timestamp": 0,
            "responses": [],
            "version": 2
        },
        {
            "collectionId": "6ed2f056-f044-da06-28aa-6025b812dab8",
            "id": "e85829d1-c897-636a-687f-41c659f12ee8",
            "name": "Pen: Pen Up",
            "description": "",
            "url": "http://{{cncserver-host}}:{{cncserver-port}}/v1/pen",
            "method": "PUT",
            "headers": "Content-Type: application/json; charset=UTF-8\n",
            "data": "{\n  \"state\": 0\n}",
            "dataMode": "raw",
            "timestamp": 0,
            "version": 2,
            "time": 1375824104522
        }
    ]
}